t,x,y,theta,v,w,goal
0.0,0.025,0.0,0.0,0.5,0.0,"(1.5, 0.0)"
0.05,0.05,0.0,0.0,0.5,0.0,"(1.5, 0.0)"
0.1,0.07500000000000001,0.0,0.0,0.5,0.0,"(1.5, 0.0)"
0.15000000000000002,0.1,0.0,0.0,0.5,0.0,"(1.5, 0.0)"
0.2,0.125,0.0,0.0,0.5,0.0,"(1.5, 0.0)"
0.25,0.15,0.0,0.0,0.5,0.0,"(1.5, 0.0)"
0.30000000000000004,0.175,0.0,0.0,0.5,0.0,"(1.5, 0.0)"
0.35000000000000003,0.19999999999999998,0.0,0.0,0.5,0.0,"(1.5, 0.0)"
0.4,0.22499999999999998,0.0,0.0,0.5,0.0,"(1.5, 0.0)"
0.45,0.24999999999999997,0.0,0.0,0.5,0.0,"(1.5, 0.0)"
0.5,0.27499999999999997,0.0,0.0,0.5,0.0,"(1.5, 0.0)"
0.55,0.3,0.0,0.0,0.5,0.0,"(1.5, 0.0)"
0.6000000000000001,0.325,0.0,0.0,0.5,0.0,"(1.5, 0.0)"
0.65,0.35000000000000003,0.0,0.0,0.5,0.0,"(1.5, 0.0)"
0.7000000000000001,0.37500000000000006,0.0,0.0,0.5,0.0,"(1.5, 0.0)"
0.75,0.4000000000000001,0.0,0.0,0.5,0.0,"(1.5, 0.0)"
0.8,0.4250000000000001,0.0,0.0,0.5,0.0,"(1.5, 0.0)"
0.8500000000000001,0.4500000000000001,0.0,0.0,0.5,0.0,"(1.5, 0.0)"
0.9,0.47500000000000014,0.0,0.0,0.5,0.0,"(1.5, 0.0)"
0.9500000000000001,0.5000000000000001,0.0,0.0,0.5,0.0,"(1.5, 0.0)"
1.0,0.5250000000000001,0.0,0.0,0.5,0.0,"(1.5, 0.0)"
1.05,0.5500000000000002,0.0,0.0,0.5,0.0,"(1.5, 0.0)"
1.1,0.5750000000000002,0.0,0.0,0.5,0.0,"(1.5, 0.0)"
1.1500000000000001,0.6000000000000002,0.0,0.0,0.5,0.0,"(1.5, 0.0)"
1.2000000000000002,0.6250000000000002,0.0,0.0,0.5,0.0,"(1.5, 0.0)"
1.25,0.6500000000000002,0.0,0.0,0.5,0.0,"(1.5, 0.0)"
1.3,0.6750000000000003,0.0,0.0,0.5,0.0,"(1.5, 0.0)"
1.35,0.7000000000000003,0.0,0.0,0.5,0.0,"(1.5, 0.0)"
1.4000000000000001,0.7250000000000003,0.0,0.0,0.5,0.0,"(1.5, 0.0)"
1.4500000000000002,0.7500000000000003,0.0,0.0,0.5,0.0,"(1.5, 0.0)"
1.5,0.7750000000000004,0.0,0.0,0.5,0.0,"(1.5, 0.0)"
1.55,0.8000000000000004,0.0,0.0,0.5,0.0,"(1.5, 0.0)"
1.6,0.8250000000000004,0.0,0.0,0.5,0.0,"(1.5, 0.0)"
1.6500000000000001,0.8500000000000004,0.0,0.0,0.5,0.0,"(1.5, 0.0)"
1.7000000000000002,0.8750000000000004,0.0,0.0,0.5,0.0,"(1.5, 0.0)"
1.75,0.9000000000000005,0.0,0.0,0.49999999999999967,0.0,"(1.5, 0.0)"
1.8,0.9240000000000005,0.0,0.0,0.47999999999999965,0.0,"(1.5, 0.0)"
1.85,0.9470400000000004,0.0,0.0,0.46079999999999965,0.0,"(1.5, 0.0)"
1.9000000000000001,0.9691584000000004,0.0,0.0,0.44236799999999965,0.0,"(1.5, 0.0)"
1.9500000000000002,0.9903920640000003,0.0,0.0,0.4246732799999997,0.0,"(1.5, 0.0)"
2.0,1.0107763814400004,0.0,0.0,0.40768634879999976,0.0,"(1.5, 0.0)"
2.0500000000000003,1.0303453261824003,0.0,0.0,0.3913788948479997,0.0,"(1.5, 0.0)"
2.1,1.0491315131351042,0.0,0.0,0.3757237390540798,0.0,"(1.5, 0.0)"
2.15,1.0671662526097,0.0,0.0,0.36069478949191663,0.0,"(1.5, 0.0)"
2.2,1.084479602505312,0.0,0.0,0.3462669979122399,0.0,"(1.5, 0.0)"
2.25,1.1011004184050996,0.0,0.0,0.3324163179957504,0.0,"(1.5, 0.0)"
2.3000000000000003,1.1170564016688957,0.0,0.0,0.3191196652759203,0.0,"(1.5, 0.0)"
2.35,1.13237414560214,0.0,0.0,0.3063548786648834,0.0,"(1.5, 0.0)"
2.4000000000000004,1.1470791797780544,0.0,0.0,0.2941006835182881,0.0,"(1.5, 0.0)"
2.45,1.1611960125869323,0.0,0.0,0.2823366561775565,0.0,"(1.5, 0.0)"
2.5,1.174748172083455,0.0,0.0,0.2710431899304542,0.0,"(1.5, 0.0)"
2.5500000000000003,1.1877582452001167,0.0,0.0,0.26020146233323604,0.0,"(1.5, 0.0)"
2.6,1.2002479153921122,0.0,0.0,0.2497934038399066,0.0,"(1.5, 0.0)"
2.6500000000000004,1.2122379987764278,0.0,0.0,0.23980166768631028,0.0,"(1.5, 0.0)"
2.7,1.2237484788253707,0.0,0.0,0.2302096009788578,0.0,"(1.5, 0.0)"
2.75,1.234798539672356,0.0,0.0,0.22100121693970343,0.0,"(1.5, 0.0)"
2.8000000000000003,1.2454065980854618,0.0,0.0,0.21216116826211523,0.0,"(1.5, 0.0)"
2.85,1.2555903341620434,0.0,0.0,0.20367472153163055,0.0,"(1.5, 0.0)"
2.9000000000000004,1.2653667207955617,0.0,0.0,0.19552773267036533,0.0,"(1.5, 0.0)"
2.95,1.2747520519637392,0.0,0.0,0.18770662336355068,0.0,"(1.5, 0.0)"
3.0,1.2837619698851896,0.0,0.0,0.18019835842900866,0.0,"(1.5, 0.0)"
3.0500000000000003,1.2924114910897821,0.0,0.0,0.17299042409184828,0.0,"(1.5, 0.0)"
3.1,1.3007150314461908,0.0,0.0,0.1660708071281743,0.0,"(1.5, 0.0)"
3.1500000000000004,1.3086864301883432,0.0,0.0,0.15942797484304735,0.0,"(1.5, 0.0)"
3.2,1.3163389729808095,0.0,0.0,0.15305085584932546,0.0,"(1.5, 0.0)"
3.25,1.323685414061577,0.0,0.0,0.14692882161535242,0.0,"(1.5, 0.0)"
3.3000000000000003,1.330737997499114,0.0,0.0,0.14105166875073838,0.0,"(1.5, 0.0)"
3.35,1.3375084775991495,0.0,0.0,0.13540960200070878,0.0,"(1.5, 0.0)"
3.4000000000000004,1.3440081384951834,0.0,0.0,0.12999321792068042,0.0,"(1.5, 0.0)"
3.45,1.350247812955376,0.0,0.0,0.12479348920385328,0.0,"(1.5, 0.0)"
3.5,1.356237900437161,0.0,0.0,0.11980174963569912,0.0,"(1.5, 0.0)"
3.5500000000000003,1.3619883844196745,0.0,0.0,0.11500967965027123,0.0,"(1.5, 0.0)"
3.6,1.3675088490428875,0.0,0.0,0.1104092924642604,0.0,"(1.5, 0.0)"
3.6500000000000004,1.372808495081172,0.0,0.0,0.10599292076569,0.0,"(1.5, 0.0)"
3.7,1.3778961552779252,0.0,0.0,0.10175320393506233,0.0,"(1.5, 0.0)"
3.75,1.3827803090668083,0.0,0.0,0.09768307577765985,0.0,"(1.5, 0.0)"
3.8000000000000003,1.3874690967041359,0.0,0.0,0.09377575274655339,0.0,"(1.5, 0.0)"
3.85,1.3919703328359705,0.0,0.0,0.09002472263669131,0.0,"(1.5, 0.0)"
3.9000000000000004,1.3962915195225316,0.0,0.0,0.08642373373122361,0.0,"(1.5, 0.0)"
3.95,1.4004398587416302,0.0,0.0,0.08296678438197472,0.0,"(1.5, 0.0)"
4.0,1.404422264391965,0.0,0.0,0.07964811300669582,0.0,"(1.5, 0.0)"
4.05,1.4082453738162863,0.0,0.0,0.07646218848642797,0.0,"(1.5, 0.0)"
4.1000000000000005,1.411915558863635,0.0,0.0,0.07340370094697093,0.0,"(1.5, 0.0)"
4.15,1.4154389365090896,0.0,0.0,0.07046755290909204,0.0,"(1.5, 0.0)"
4.2,1.418821379048726,0.0,0.0,0.06764885079272834,0.0,"(1.5, 0.0)"
4.25,1.422068523886777,0.0,0.0,0.06494289676101915,0.0,"(1.5, 0.0)"
4.3,1.425185782931306,0.0,0.0,0.06234518089057844,0.0,"(1.5, 0.0)"
4.3500000000000005,1.4281783516140536,0.0,0.0,0.059851373654955256,0.0,"(1.5, 0.0)"
4.4,1.4310512175494914,0.0,0.0,0.05745731870875712,0.0,"(1.5, 0.0)"
4.45,1.4338091688475116,0.0,0.0,0.05515902596040689,0.0,"(1.5, 0.0)"
4.5,1.4364568020936113,0.0,0.0,0.05295266492199069,0.0,"(1.5, 0.0)"
4.55,1.4389985300098669,0.0,0.0,0.050834558325110996,0.0,"(1.5, 0.0)"
4.6000000000000005,1.4414385888094723,0.0,0.0,0.048801175992106496,0.0,"(1.5, 0.0)"
4.65,1.4437810452570934,0.0,0.0,0.04684912895242217,0.0,"(1.5, 0.0)"
4.7,1.4460298034468098,0.0,0.0,0.04497516379432529,0.0,"(1.5, 0.0)"
4.75,1.4481886113089373,0.0,0.0,0.04317615724255219,0.0,"(1.5, 0.0)"
4.800000000000001,1.4502610668565799,0.0,0.0,0.04144911095285018,0.0,"(1.5, 0.0)"
0.0,1.4522506241823168,0.0,0.09999999999999999,0.03979114651473611,2.0,"(1.5, 1.5)"
0.05,1.4601016429695561,0.0007877293955543718,0.2,0.15780876223861043,2.0,"(1.5, 1.5)"
0.1,1.4733110016616273,0.003465398965070906,0.30000000000000004,0.2695604358056356,2.0,"(1.5, 1.5)"
0.15000000000000002,1.4911854692184856,0.008994619722878319,0.4,0.37420255083563814,2.0,"(1.5, 1.5)"
0.2,1.5128762185109355,0.018165321433075723,0.5,0.4709948512352694,2.0,"(1.5, 1.5)"
0.25,1.5348157825581947,0.0301509598981808,0.6,0.5,2.0,"(1.5, 1.5)"
0.30000000000000004,1.5554491729309368,0.04426702173305668,0.7,0.5,2.0,"(1.5, 1.5)"
0.35000000000000003,1.5745702276130489,0.06037246391399896,0.7999999999999999,0.5,2.0,"(1.5, 1.5)"
0.4,1.591987895346728,0.07830636618648704,0.8999999999999999,0.5,2.0,"(1.5, 1.5)"
0.45,1.6075281445534946,0.09788953892717411,0.9919261621114269,0.5,1.8385232422285398,"(1.5, 1.5)"
0.5,1.6212051076076506,0.1188165712446159,1.073852481349218,0.5,1.6385263847558242,"(1.5, 1.5)"
0.55,1.6331236395051778,0.14079266273986651,1.146911750404432,0.5,1.461185381104276,"(1.5, 1.5)"
0.6000000000000001,1.64340624778877,0.16358011470111478,1.2121011635593495,0.5,1.3037882630983528,"(1.5, 1.5)"
0.65,1.652182566317458,0.1869890068808615,1.270300213837831,0.5,1.1639810055696294,"(1.5, 1.5)"
0.7000000000000001,1.6595824194445732,0.21086875088487306,1.322285807929243,0.5,1.0397118818282414,"(1.5, 1.5)"
0.75,1.6657314321589658,0.2351007471426773,1.3687451342510302,0.5,0.9291865264357418,"(1.5, 1.5)"
0.8,1.6707484125765337,0.2595921723255804,1.410286694373158,0.5,0.8308312024425585,"(1.5, 1.5)"
0.8500000000000001,1.6747439452998893,0.2842708213618748,1.4474498160531817,0.5,0.7432624336004712,"(1.5, 1.5)"
0.9,1.677819794687788,0.30908088283989144,1.4807128979812014,0.5,0.665261638560396,"(1.5, 1.5)"
0.9500000000000001,1.6800688356887912,0.33397951361702066,1.5105005853428919,0.5,0.5957537472338087,"(1.5, 1.5)"
1.0,1.6815753160170386,0.3589340826780284,1.537190036735002,0.5,0.5337890278421997,"(1.5, 1.5)"
1.05,1.682415315134284,0.3839199667224849,1.5611164134390532,0.5,0.47852753408102405,"(1.5, 1.5)"
1.1,1.6826573091889692,0.40891879547259835,1.58257769917109,0.5,0.42922571464073633,"(1.5, 1.5)"
1.1500000000000001,1.6823627816931135,0.43391706048347833,1.6018389404572768,0.5,0.38522482572373623,"(1.5, 1.5)"
1.2000000000000002,1.6815868409873158,0.4589050159024614,1.6191359834986385,0.5,0.3459408608272335,"(1.5, 1.5)"
1.25,1.6803788201662326,0.4838758125596734,1.634678771886881,0.5,0.31085576776484936,"(1.5, 1.5)"
1.3,1.6787828450762092,0.5088248178206457,1.648654260163454,0.5,0.27950976553145873,"(1.5, 1.5)"
1.35,1.6768383626615435,0.5337490828677651,1.661228990495522,0.5,0.25149460664135925,"(1.5, 1.5)"
1.4000000000000001,1.674580626327365,0.5586469266829498,1.6725513733191875,0.5,0.226447656473312,"(1.5, 1.5)"
1.4500000000000002,1.6720411378123787,0.5835176121998842,1.6827537074055745,0.5,0.2040466817277425,"(1.5, 1.5)"
1.5,1.6692480468201294,0.6083610951020261,1.6919539702375688,0.5,0.18400525663988587,"(1.5, 1.5)"
1.55,1.6662265106895322,0.6331778297665925,1.7002574056898896,0.5,0.16606870904641524,"(1.5, 1.5)"
1.6,1.6629990169348094,0.6579686200739471,1.7077579326633912,0.5,0.1500105394700324,"(1.5, 1.5)"
1.6500000000000001,1.6595856717177497,0.6827345053686256,1.7145393954426464,0.5,0.13562925558510466,"(1.5, 1.5)"
1.7000000000000002,1.6560044573452093,0.707476673899656,1.720676674049961,0.5,0.12274557214629167,"(1.5, 1.5)"
1.75,1.6522714617894454,0.7321963976881745,1.7262366706997556,0.5,0.11119993299589126,"(1.5, 1.5)"
1.8,1.6484010830603146,0.7568949840544645,1.7312791865667778,0.5,0.10085031734044514,"(1.5, 1.5)"
1.85,1.6444062110512205,0.781573740052913,1.7358577014307282,0.5,0.09157029727900667,"(1.5, 1.5)"
1.9000000000000001,1.64029838925751,0.8062339468669508,1.7400200673164075,0.5,0.08324731771358507,"(1.5, 1.5)"
1.9500000000000002,1.6360879585411645,0.830876841850756,1.7438091259858597,0.5,0.07578117338904233,"(1.5, 1.5)"
2.0,1.6317841848978347,0.8555036064053414,1.7472632590352661,0.5,0.06908266098813066,"(1.5, 1.5)"
2.0500000000000003,1.6273953729765192,0.8801153582714585,1.750416878386621,0.5,0.06307238702709604,"(1.5, 1.5)"
2.1,1.622928966910941,0.9047131471326014,1.7533008641281038,0.5,0.057679714829658724,"(1.5, 1.5)"
2.15,1.6185171516213892,0.928617886505119,1.7559429559366215,0.486168974171374,0.05284183617035476,"(1.5, 1.5)"
2.2,1.614220956673678,0.9515564205015741,1.7583648385654584,0.46674774040599903,0.048437652576739376,"(1.5, 1.5)"
2.25,1.610043097437472,0.9735683713410981,1.7605848707897196,0.4480984211349885,0.04440064448522186,"(1.5, 1.5)"
2.3000000000000003,1.6059852932715675,0.9946917036637067,1.7626198796460544,0.43019109384560583,0.04070017712669516,"(1.5, 1.5)"
2.35,1.602048414925662,1.0149627909807173,1.7644852885004658,0.4129968484743311,0.03730817708822998,"(1.5, 1.5)"
2.4000000000000004,1.5982326129825835,1.0344164811151695,1.7661952343466045,0.3964877825689368,0.03419891692277354,"(1.5, 1.5)"
2.45,1.5945374296837045,1.0530861601510422,1.7677626752543476,0.38063698974998056,0.031348818154862124,"(1.5, 1.5)"
2.5,1.590961896196721,1.0710038145549143,1.7691994888066787,0.36541854307253896,0.02873627104661991,"(1.5, 1.5)"
2.5500000000000003,1.5875046171345741,1.0882000912454424,1.770516562289091,0.3508074745673202,0.02634146964824946,"(1.5, 1.5)"
2.6,1.5841638439135284,1.1047043554716043,1.771723875329011,0.33677975198127713,0.024146260798398878,"(1.5, 1.5)"
2.6500000000000004,1.5809375383440298,1.1205447464256755,1.7728305756222609,0.32331225352937015,0.022134005864999917,"(1.5, 1.5)"
2.7,1.5778234276769876,1.1357482305657616,1.773845048328699,0.3103827413014031,0.020289454128759044,"(1.5, 1.5)"
2.75,1.5748190521778251,1.1503406526589643,1.7747749796692616,0.29796983383299547,0.01859862681125368,"(1.5, 1.5)"
2.8000000000000003,1.5719218061686437,1.1643467845826676,1.7756274152112197,0.2860529782413741,0.01704871083916093,"(1.5, 1.5)"
2.85,1.5691289733629277,1.1777903719402192,1.7764088132870584,0.2746124222396399,0.01562796151677259,"(1.5, 1.5)"
2.9000000000000004,1.566437757215495,1.1906941785601923,1.777125093954645,0.2636291862733457,0.014325613351732769,"(1.5, 1.5)"
2.95,1.5638453069211293,1.2030800289568195,1.7777816838718836,0.25308503596726944,0.013131798344772072,"(1.5, 1.5)"
3.0,1.561348739617017,1.2149688488341688,1.7783835574275786,0.24296245502547714,0.012037471113900413,"(1.5, 1.5)"
3.0500000000000003,1.5589451592754187,1.2263807037190422,1.7789352744414644,0.23324461869198804,0.011034340277714105,"(1.5, 1.5)"
3.1,1.556631672712748,1.2373348358080642,1.7794410147200523,0.22391536785080426,0.010114805571758145,"(1.5, 1.5)"
3.1500000000000004,1.5544054030883838,1.2478496991135237,1.779904609730889,0.21495918382135995,0.00927190021673352,"(1.5, 1.5)"
3.2,1.552263501220192,1.2579429929906214,1.7803295716358016,0.2063611638874162,0.00849923809825015,"(1.5, 1.5)"
3.25,1.5502031550030837,1.2676316941261816,1.7807191199035572,0.19810699758318098,0.007790965355113921,"(1.5, 1.5)"
3.3000000000000003,1.5482215971812843,1.2769320870658187,1.7810762057039176,0.19018294374920905,0.007141716007206256,"(1.5, 1.5)"
3.35,1.546316111693719,1.285859793353222,1.7814035342681727,0.18257580836185713,0.006546571285101498,"(1.5, 1.5)"
3.4000000000000004,1.5444840387845027,1.2944297993517313,1.7817035853857734,0.17527292313322887,0.0060010223520140515,"(1.5, 1.5)"
3.45,1.542722779046469,1.3026564828148508,1.7819786321925064,0.16826212487328351,0.0055009361346591845,"(1.5, 1.5)"
3.5,1.5410297965445854,1.3105536382688487,1.7822307583926764,0.1615317356017627,0.0050425240034018826,"(1.5, 1.5)"
3.5500000000000003,1.5394026211476026,1.3181345012671608,1.7824618740458675,0.1550705433945774,0.0046223130638234355,"(1.5, 1.5)"
3.6,1.537838850180071,1.3254117715730098,1.7826737300379556,0.1488677839470822,0.004237119841759562,"(1.5, 1.5)"
3.6500000000000004,1.536336149492629,1.3323976353234812,1.7828679313460607,0.14291312283508478,0.003884026162102594,"(1.5, 1.5)"
3.7,1.534892254036006,1.3391037862252728,1.783045949197978,0.13719663845336294,0.0035603570383441197,"(1.5, 1.5)"
3.75,1.5335049680132409,1.345541445829476,1.7832091322182373,0.13170880561078488,0.0032636604051849982,"(1.5, 1.5)"
3.8000000000000003,1.5321721646750432,1.3517213829300478,1.7833587166452605,0.12644047976076908,0.0029916885404623894,"(1.5, 1.5)"
3.85,1.530891785814817,1.3576539321280912,1.7834958356970376,0.12138288184570033,0.0027423810355448053,"(1.5, 1.5)"
3.9000000000000004,1.529661841012512,1.36334901160168,1.783621528156293,0.1165275837339977,0.002513849185108996,"(1.5, 1.5)"
3.95,1.528480406670016,1.3688161401187307,1.78373674624019,0.1118664942287523,0.0023043616779394593,"(1.5, 1.5)"
4.0,1.527345624875155,1.374064453328333,1.7838423628142042,0.10739184562718801,0.0021123314802812265,"(1.5, 1.5)"
4.05,1.526255702126422,1.379102719363998,1.783939178004823,0.10309618081061964,0.0019363038123793028,"(1.5, 1.5)"
4.1000000000000005,1.5252089079462248,1.3839393537904545,1.7840279252611748,0.09897234084506698,0.0017749451270371306,"(1.5, 1.5)"
4.15,1.5242035734066544,1.3885824339239201,1.7841092769115094,0.0950134530732079,0.00162703300669087,"(1.5, 1.5)"
4.2,1.5232380895884663,1.3930397125541716,1.7841838492566315,0.0912129196789141,0.001491446902443516,"(1.5, 1.5)"
4.25,1.5223109059910622,1.3973186310952543,1.7842522072388762,0.08756440670618937,0.0013671596448960877,"(1.5, 1.5)"
4.3,1.5214205289087348,1.4014263321902696,1.7843148687219967,0.08406183351491682,0.0012532296624123695,"(1.5, 1.5)"
4.3500000000000005,1.520565519786224,1.4053696717943744,1.784372308414392,0.08069936265641338,0.0011487938479071147,"(1.5, 1.5)"
4.4,1.5197444935647033,1.4091552307589041,1.7844249614653964,0.07747139015237861,0.001053061020085955,"(1.5, 1.5)"
4.45,1.518956117027635,1.4127893259383815,1.7844732267618744,0.07437253616140901,0.0009653059295611222,"(1.5, 1.5)"
4.5,1.5181991071544632,1.4162780208410999,1.7845174699501,0.07139763601782066,0.0008848637645153534,"(1.5, 1.5)"
4.55,1.517472229488838,1.419627135842956,1.7845580262058098,0.06854173162808798,0.0008111251141962317,"(1.5, 1.5)"
4.6000000000000005,1.5167742965269577,1.4228422579832594,1.7845952027734178,0.06580006321075516,0.0007435313521575448,"(1.5, 1.5)"
4.65,1.5161041661306431,1.4259287503603515,1.784629281293628,0.06316806136620944,0.0006815704042023585,"(1.5, 1.5)"
4.7,1.5154607399689322,1.4288917611440244,1.7846605199370793,0.060641339463227924,0.0006247728690245147,"(1.5, 1.5)"
4.75,1.5148429619912487,1.4317362322209362,1.7846891553601854,0.058215686329710054,0.0005727084621198753,"(1.5, 1.5)"
4.800000000000001,1.5142498169345784,1.4344669074884713,1.7847154044979883,0.05588705923549733,0.0005249827560566134,"(1.5, 1.5)"
4.8500000000000005,1.5136803288665408,1.437088340811786,1.7847394662076068,0.05365157715565113,0.0004812341923715602,"(1.5, 1.5)"
4.9,1.5131335597657825,1.4396049036581107,1.7847615227747309,0.051505514303014525,0.0004411313424823593,"(1.5, 1.5)"
4.95,1.5126086081407137,1.4420207924217459,1.7847817412945743,0.04944529391932272,0.0004043703968686918,"(1.5, 1.5)"
5.0,1.51210460768727,1.444340035452593,1.7848002749377483,0.04746748231454901,0.00037067286348113626,"(1.5, 1.5)"
5.050000000000001,1.511620725986083,1.4465664998004888,1.7848172641106461,0.04556878314457985,0.0003397834579543791,"(1.5, 1.5)"
5.1000000000000005,1.511156163239204,1.448703897687073,1.7848328375191262,0.043746031917704264,0.00031146816960203605,"(1.5, 1.5)"
5.15,1.5107101510462995,1.4507557927164108,1.7848471131435595,0.041996190720781534,0.00028551248866304224,"(1.5, 1.5)"
5.2,1.5102819512200716,1.4527256058351004,1.7848601991326176,0.04031634315631055,0.0002617197811638494,"(1.5, 1.5)"
0.0,1.507163193980958,1.467071668756797,1.8848601991326177,0.29362300187131335,2.0,"(0.0, 1.5)"
0.05,1.5010227286109814,1.4859762138706663,1.9848601991326178,0.3975359812254454,2.0,"(0.0, 1.5)"
0.1,1.4910971746607735,1.508561427393665,2.084860199132618,0.4933998342512616,2.0,"(0.0, 1.5)"
0.15000000000000002,1.4788041764545052,1.5303302628035045,2.184860199132618,0.5,2.0,"(0.0, 1.5)"
0.2,1.4643993348201263,1.5507630926977816,2.284860199132618,0.5,2.0,"(0.0, 1.5)"
0.25,1.4480265781736399,1.569655758994388,2.384860199132618,0.5,2.0,"(0.0, 1.5)"
0.30000000000000004,1.4298494976873437,1.5868194924167736,2.4848601991326182,0.5,2.0,"(0.0, 1.5)"
0.35000000000000003,1.410049712740913,1.6020827986141575,2.574532364209008,0.5,1.7934433015277889,"(0.0, 1.5)"
0.4,1.388962620312594,1.6155116679976733,2.6544487139350728,0.5,1.598326994521298,"(0.0, 1.5)"
0.45,1.3668707854603015,1.6272142674037469,2.7257133376637657,0.5,1.4252924745738587,"(0.0, 1.5)"
0.5,1.3440017495745271,1.6373141286728519,2.7892985490910798,0.5,1.271704228546278,"(0.0, 1.5)"
0.55,1.320537159619122,1.6459404267331268,2.8460621670878523,0.5,1.1352723599354515,"(0.0, 1.5)"
0.6000000000000001,1.2966209652658094,1.6532216112284257,2.896762138624676,0.5,1.0139994307364704,"(0.0, 1.5)"
0.65,1.2723665047481614,1.6592814086671073,2.94206900901485,0.5,0.906137407803474,"(0.0, 1.5)"
0.7000000000000001,1.2478624771517732,1.6642364698731316,2.982576627713999,0.5,0.8101523739829847,"(0.0, 1.5)"
0.75,1.2231778878911743,1.6681951379617093,3.0188113917733634,0.5,0.7246952811872914,"(0.0, 1.5)"
0.8,1.1983660917561754,1.6712569629983913,3.0512402650743504,0.5,0.6485774660197425,"(0.0, 1.5)"
0.8500000000000001,1.1734680667810107,1.6735127006462747,3.0802777634892737,0.5,0.5807499682984624,"(0.0, 1.5)"
0.9,1.1485150460068325,1.675044612603089,3.106292059717266,0.5,0.5202859245598451,"(0.0, 1.5)"
0.9500000000000001,1.12353062103845,1.6759269441730007,3.1296103336034586,0.5,0.4663654777238497,"(0.0, 1.5)"
1.0,1.0985324157168803,1.6762264950044876,-3.132661835150941,0.5,0.41826276850373717,"(0.0, 1.5)"
1.05,1.0735334127042286,1.676003227511495,-3.1138951018254777,0.5,0.37533466650926606,"(0.0, 1.5)"
1.1,1.0485430015208683,1.6753108772485663,-3.0970445534115445,0.5,0.33701096827866484,"(0.0, 1.5)"
1.1500000000000001,1.0235678040840375,1.6741975430708316,-3.0819052613102103,0.5,0.3027858420266883,"(0.0, 1.5)"
1.2000000000000002,0.9986123231747274,1.6727062441118499,-3.068294744348886,0.5,0.2722103392264885,"(0.0, 1.5)"
1.25,0.9736794504065027,1.6708754367698493,-3.0560504531251595,0.5,0.24488582447452334,"(0.0, 1.5)"
1.3,0.9487708629944652,1.668739488938818,-3.0450275431384948,0.5,0.2204581997332933,"(0.0, 1.5)"
1.35,0.9238873327042797,1.6663291113133372,-3.03509690220472,0.5,0.19861281867549763,"(0.0, 1.5)"
1.4000000000000001,0.8990289655826814,1.6636717471968039,-3.026143402070838,0.5,0.17907000267763817,"(0.0, 1.5)"
1.4500000000000002,0.8741953872340568,1.6607919231739303,-3.018064347924933,0.5,0.16158108291809636,"(0.0, 1.5)"
1.5,0.849385885339819,1.6577115634936643,-3.010768102741026,0.5,0.1459249036781396,"(0.0, 1.5)"
1.55,0.8245995186720437,1.6544502712021638,-3.0041728662004887,0.5,0.13190473081074794,"(0.0, 1.5)"
1.6,0.799835199908568,1.6510255790727948,-2.9982055903606355,0.5,0.11934551679706808,"(0.0, 1.5)"
1.6500000000000001,0.7750917580137522,1.6474531732730744,-2.992801016354056,0.5,0.10809148013159353,"(0.0, 1.5)"
1.7000000000000002,0.7503679847263861,1.6437470925352975,-2.9879008182451416,0.5,0.0980039621782891,"(0.0, 1.5)"
1.75,0.7256626687284695,1.6399199053902667,-2.9834528417807653,0.5,0.08895952928752449,"(0.0, 1.5)"
1.8,0.7009746203034591,1.6359828678028996,-2.979410427181264,0.5,0.08084829199003109,"(0.0, 1.5)"
1.85,0.6763026886881799,1.631946063327701,-2.975731806351483,0.5,0.07357241659561309,"(0.0, 1.5)"
1.9000000000000001,0.6516457738456368,1.6278185276891417,-2.9723795659710044,0.5,0.0670448076095731,"(0.0, 1.5)"
1.9500000000000002,0.627002834009921,1.6236083594913981,-2.9693201688653033,0.5,0.061187942114024896,"(0.0, 1.5)"
2.0,0.6023728900582779,1.6193228185758402,-2.9665235268797177,0.5,0.055932839711708704,"(0.0, 1.5)"
2.0500000000000003,0.5781903297968252,1.6150454095972098,-2.963962619186713,0.4911588127558181,0.051218153860091986,"(0.0, 1.5)"
2.1,0.554984471679461,1.6108794443368615,-2.9616151522147165,0.47153668680757627,0.046949339439931174,"(0.0, 1.5)"
2.15,0.5327153361912141,1.6068276578531335,-2.9594633319427643,0.4526947621095761,0.04303640543903975,"(0.0, 1.5)"
2.2,0.5113446103894604,1.6028918066928284,-2.9574908488609903,0.4346027361394847,0.03944966163548224,"(0.0, 1.5)"
2.25,0.49083558129845944,1.599072813297839,-2.9556827538762365,0.417231343408665,0.03616189969507522,"(0.0, 1.5)"
2.3000000000000003,0.4711530703798067,1.5953708918628589,-2.954025344647374,0.40055234782667304,0.03314818457725077,"(0.0, 1.5)"
2.35,0.4522633695336942,1.591785657933671,-2.952506061460841,0.3845385288278001,0.030385663730657653,"(0.0, 1.5)"
2.4000000000000004,0.43413417894815115,1.588316223758596,-2.9511133918357197,0.3691636627741809,0.02785339250242047,"(0.0, 1.5)"
2.45,0.41673454700719703,1.5849612811611662,-2.949836783118822,0.3544025008448558,0.025532174337953295,"(0.0, 1.5)"
2.5,0.40003481238744565,1.5817191734865221,-2.9486665623946586,0.3402307443745246,0.02340441448327235,"(0.0, 1.5)"
2.5500000000000003,0.38400654841085824,1.5785879579842033,-2.947593863093563,0.3266250184080398,0.021453986021908733,"(0.0, 1.5)"
2.6,0.36862250967485594,1.5755654598230173,-2.9466105577342807,0.31356284407766954,0.01966610718564743,"(0.0, 1.5)"
2.6500000000000004,0.3538565809465187,1.572649318786884,-2.9457091962855677,0.3010226102823223,0.018027228974261122,"(0.0, 1.5)"
2.7,0.3396837282824721,1.569837029571585,-2.944882949675285,0.28898354504522017,0.016524932205661536,"(0.0, 1.5)"
2.75,0.32607995231819503,1.567125976489109,-2.944125558015507,0.27742568684405944,0.015147833195562344,"(0.0, 1.5)"
2.8000000000000003,0.31302224365821013,1.5645134632868574,-2.943431283148709,0.26632985614157745,0.01388549733596256,"(0.0, 1.5)"
2.85,0.3004885402906435,1.561996738701738,-2.9427948651534437,0.2556776272914756,0.012728359905299634,"(0.0, 1.5)"
2.9000000000000004,0.2884576869449223,1.5595730182926018,-2.942211482478405,0.2454513009522777,0.011667653500767594,"(0.0, 1.5)"
2.95,0.27690939630912353,1.557239503027313,-2.9416767154016217,0.23563387710786693,0.01069534153566587,"(0.0, 1.5)"
3.0,0.2658242120230534,1.5549933950418096,-2.941186512537007,0.2262090287664736,0.009804057292293056,"(0.0, 1.5)"
3.0500000000000003,0.2551834733640439,1.5528319109368165,-2.9407371601337933,0.2171610763884509,0.008987048064276195,"(0.0, 1.5)"
3.1,0.2449692815443127,1.5507522929325248,-2.940325253935703,0.20847496307618155,0.008238123961804565,"(0.0, 1.5)"
3.1500000000000004,0.2351644675412565,1.5487518181617714,-2.939947673386236,0.20013623054604368,0.007551610989338098,"(0.0, 1.5)"
3.2,0.22575256138501168,1.5468278063473595,-2.939601557984321,0.19213099589181956,0.006922308038305181,"(0.0, 1.5)"
3.25,0.21671776283084615,1.5449776260785522,-2.9392842856109485,0.18444592914069446,0.006345447467449583,"(0.0, 1.5)"
3.3000000000000003,0.20804491334731928,1.5431986998749228,-2.9389934526623986,0.17706823159660365,0.005816658970994037,"(0.0, 1.5)"
3.35,0.19971946935456272,1.541488508202197,-2.938726855839399,0.16998561496078052,0.005331936459994635,"(0.0, 1.5)"
3.4000000000000004,0.19172747665042866,1.5398445925840645,-2.9384824754541357,0.1631862812156366,0.004887607705260644,"(0.0, 1.5)"
3.45,0.184055545965571,1.538264557935822,-2.9382584601285684,0.1566589032553302,0.004480306511346344,"(0.0, 1.5)"
3.5,0.176690829591736,1.5367460742298193,-2.93805311276805,0.1503926062443614,0.004106947210367196,"(0.0, 1.5)"
3.5500000000000003,0.16962099903061936,1.5352868775887452,-2.937864877703944,0.144376949684111,0.0037647012821173664,"(0.0, 1.5)"
3.6,0.16283422361358246,1.5338847708905696,-2.9376923289077888,0.13860191016629617,0.003450975923104948,"(0.0, 1.5)"
3.6500000000000004,0.15631915004530367,1.5325376239582484,-2.9375341591876913,0.13305786479174778,0.003163394401943798,"(0.0, 1.5)"
3.7,0.1500648828270707,1.5312433733978965,-2.9373891702850825,0.12773557523264145,0.0028997780521722305,"(0.0, 1.5)"
3.75,0.14406096551789543,1.530000022140911,-2.9372562637967867,0.12262617241627043,0.0026581297659189485,"(0.0, 1.5)"
3.8000000000000003,0.13829736279395946,1.5288056387383004,-2.93713443285362,0.11772114180858695,0.0024366188633306862,"(0.0, 1.5)"
3.85,0.13276444326908174,1.527658356449163,-2.937022754492469,0.11301230927601048,0.002233567223016708,"(0.0, 1.5)"
3.9000000000000004,0.12745296304094386,1.5265563721597097,-2.9369203826640473,0.10849182750438213,0.002047436568437533,"(0.0, 1.5)"
3.95,0.12235404992972441,1.5254979451643842,-2.9368265418233555,0.10415216295439927,0.0018768168138383334,"(0.0, 1.5)"
4.0,0.11745918837758505,1.5244813958363823,-2.9367405210542836,0.0999860833333785,0.0017204153814398548,"(0.0, 1.5)"
4.05,0.1127602049791288,1.5235051042111574,-2.9366616686838376,0.09598664556374858,0.0015770474089216169,"(0.0, 1.5)"
4.1000000000000005,0.10824925461452019,1.5225675085032493,-2.936589387345189,0.09214718422925416,0.0014456267729734407,"(0.0, 1.5)"
4.15,0.10391880715842663,1.5216671035739295,-2.9365231294521417,0.08846130048044883,0.001325157860948556,"(0.0, 1.5)"
4.2,0.09976163473931651,1.5208024393646735,-2.936462393050731,0.0849228513816585,0.0012147280282071016,"(0.0, 1.5)"
4.25,0.09577079952493954,1.5199721193093005,-2.9364067180165287,0.08152593968220376,0.0011135006840512496,"(0.0, 1.5)"
4.3,0.09193964201102445,1.5191747987357267,-2.936355682568836,0.07826490399527031,0.0010207089538549763,"(0.0, 1.5)"
4.3500000000000005,0.08826176979136464,1.5184091832666267,-2.936308900075369,0.07513430936841228,0.0009356498693413594,"(0.0, 1.5)"
4.4,0.0847310467885287,1.5176740272268596,-2.9362660161232172,0.07212893823025772,0.0008576790430270266,"(0.0, 1.5)"
4.45,0.08134158292543565,1.5169681320642612,-2.9362267058338944,0.06924378169855683,0.0007862057864582717,"(0.0, 1.5)"
4.5,0.07808772421897833,1.516290344789313,-2.93619067140213,0.06647403123527215,0.0007206886352884023,"(0.0, 1.5)"
4.55,0.07496404327776718,1.515639556438254,-2.936157639839768,0.06381507063495173,0.0006606312472479113,"(0.0, 1.5)"
4.6000000000000005,0.07196533018690468,1.5150147005633785,-2.936127360907671,0.06126246833315328,0.0006055786419456588,"(0.0, 1.5)"
4.65,0.06908658376349187,1.5144147517535476,-2.9360996052199675,0.058811970022197506,0.0005551137540649176,"(0.0, 1.5)"
4.7,0.06632300316731503,1.5138387241873323,-2.93607416250628,0.056459491562021714,0.0005088542737519131,"(0.0, 1.5)"
4.75,0.06366997985186737,1.51328567022067,-2.936050840018764,0.05420111217438194,0.00046644975031817637,"(0.0, 1.5)"
4.800000000000001,0.06112308984152884,1.5127546790104571,-2.9360294610718984,0.05203306790911184,0.00042757893731426577,"(0.0, 1.5)"
4.8500000000000005,0.05867808632136032,1.5122448751751107,-2.9360098637039567,0.049951745371589515,0.0003919473588342992,"(0.0, 1.5)"
4.9,0.056330892526568664,1.5117554174927914,-2.9359918994500247,0.047953675700991925,0.0003592850786438006,"(0.0, 1.5)"
4.95,0.0540775949192685,1.5112854976376908,-2.9359754322172646,0.04603552878932682,0.00032934465520106926,"(0.0, 1.5)"
5.0,0.05191443664070718,1.510834338954544,-2.93596033725391,0.04419410773162922,0.0003018992670955623,"(0.0, 1.5)"
5.050000000000001,0.0498378112276332,1.510401195271316,-2.9359465002041745,0.042426343498090276,0.00027674099470686997,"(0.0, 1.5)"
5.1000000000000005,0.04784425658197655,1.5099853497498392,-2.9359338162419224,0.04072928981925249,0.0002536792450458236,"(0.0, 1.5)"
0.0,0.033935925728777364,1.5070839574548436,-2.8359338162419223,0.28415470741939985,2.0,"(0.0, 0.0)"
0.05,0.01540168366563718,1.5012355234482917,-2.7359338162419222,0.3887015869193581,2.0,"(0.0, 0.0)"
0.1,-0.006892216888362349,1.4916607464998497,-2.635933816241922,0.48526048902585844,2.0,"(0.0, 0.0)"
0.15000000000000002,-0.028763605240771803,1.4795511481771104,-2.535933816241922,0.5,2.0,"(0.0, 0.0)"
0.2,-0.04931678517705275,1.4653185519801104,-2.435933816241922,0.5,2.0,"(0.0, 0.0)"
0.25,-0.06834639611725987,1.4491051653053793,-2.335933816241922,0.5,2.0,"(0.0, 0.0)"
0.30000000000000004,-0.08566230047923169,1.4310729869531378,-2.235933816241922,0.5,2.0,"(0.0, 0.0)"
0.35000000000000003,-0.10109148347046035,1.411402188488836,-2.145318198484758,0.5,1.8123123551432778,"(0.0, 0.0)"
0.4,-0.11467732064394437,1.3904158827563926,-2.064565120303601,0.5,1.6150615636231478,"(0.0, 0.0)"
0.45,-0.12652601735179567,1.3684020601368347,-1.992557678989238,0.5,1.4401488262872535,"(0.0, 0.0)"
0.5,-0.1367602196249615,1.3455928272731033,-1.9283124538090968,0.5,1.2849045036028244,"(0.0, 0.0)"
0.55,-0.14550893212816718,1.3221736037689762,-1.8709619557406725,0.5,1.1470099613684877,"(0.0, 0.0)"
0.6000000000000001,-0.15290089297773407,1.2982914155359337,-1.8197397878880555,0.5,1.0244433570523421,"(0.0, 0.0)"
0.65,-0.15906039616995332,1.2740620837163181,-1.7739679988557753,0.5,0.9154357806456058,"(0.0, 0.0)"
0.7000000000000001,-0.16410481557269418,1.2495762953302103,-1.7330462316753092,0.5,0.8184353436093206,"(0.0, 0.0)"
0.75,-0.16814328979727655,1.2249046369761925,-1.696442359415959,0.5,0.7320774451870055,"(0.0, 0.0)"
0.8,-0.1712761822818567,1.200101714070211,-1.6636843643037982,0.5,0.6551599022432181,"(0.0, 0.0)"
0.8500000000000001,-0.17359504526240876,1.1752094888888933,-1.6343532663993978,0.5,0.5866219580880055,"(0.0, 0.0)"
0.9,-0.17518289922990612,1.1502599654510017,-1.6080769451852328,0.5,0.5255264242833013,"(0.0, 0.0)"
0.9500000000000001,-0.1761146988119056,1.1252773364952855,-1.5845247260166122,0.5,0.47104438337241095,"(0.0, 0.0)"
1.0,-0.1764578980118129,1.1002796923201001,-1.563402625599753,0.5,0.4224420083371816,"(0.0, 0.0)"
1.05,-0.17627305716605518,1.0752803756522042,-1.5444491681277108,0.5,0.3790691494408438,"(0.0, 0.0)"
1.1,-0.1756144544028977,1.0502890523098847,-1.5274316976178384,0.5,0.34034941019744913,"(0.0, 0.0)"
1.1500000000000001,-0.17453067841984868,1.0253125547648212,-1.5121431232144635,0.5,0.3057714880674961,"(0.0, 0.0)"
1.2000000000000002,-0.17306518893011114,1.0003555449167751,-1.498399043376096,0.5,0.2748815967673507,"(0.0, 0.0)"
1.25,-0.1712568375166177,0.9754210333882668,-1.4860352024201269,0.5,0.2472768191193836,"(0.0, 0.0)"
1.3,-0.16914034583721738,0.9505107852367323,-1.4749052391929605,0.5,0.22259926454332946,"(0.0, 0.0)"
1.35,-0.1667467408259803,0.9256256359494529,-1.4648786929271511,0.5,0.20053092531618522,"(0.0, 0.0)"
1.4000000000000001,-0.16410374821020346,0.9007657367132744,-1.4558392358343692,0.5,0.18078914185563677,"(0.0, 0.0)"
1.4500000000000002,-0.16123614664340272,0.8759307440365274,-1.4476831058132367,0.5,0.16312260042265045,"(0.0, 0.0)"
1.5,-0.15816608527244083,0.8511199656694844,-1.44031771594001,0.5,0.14730779746453257,"(0.0, 0.0)"
1.55,-0.15491336777144932,0.8263324722734441,-1.4336604202485135,0.5,0.13314591382992902,"(0.0, 0.0)"
1.6,-0.15149570589566597,0.8015671823033506,-1.427637417765665,0.5,0.12046004965696966,"(0.0, 0.0)"
1.6500000000000001,-0.14792894550906516,0.7768229259931566,-1.4221827789081836,0.5,0.10909277714963028,"(0.0, 0.0)"
1.7000000000000002,-0.14422726787072584,0.7520984930843553,-1.4172375802114812,0.5,0.09890397393404804,"(0.0, 0.0)"
1.75,-0.14040336875948212,0.727392667949642,-1.4127491349916628,0.5,0.08976890439636953,"(0.0, 0.0)"
1.8,-0.13646861779618688,0.7027042549820807,-1.4086703089675903,0.5,0.08157652048144948,"(0.0, 0.0)"
1.85,-0.1324332001016367,0.6780320965027236,-1.4049589111182825,0.5,0.07422795698615425,"(0.0, 0.0)"
1.9000000000000001,-0.12830624221423173,0.6533750849523433,-1.4015771511431883,0.5,0.06763519950188703,"(0.0, 0.0)"
1.9500000000000002,-0.12409592398953727,0.6287321707487268,-1.3984911558469535,0.5,0.061719905924695895,"(0.0, 0.0)"
2.0,-0.11980957801641708,0.6041023668883889,-1.3956705376006604,0.5,0.05641236492586299,"(0.0, 0.0)"
2.0500000000000003,-0.11551833393135161,0.5798496015030146,-1.3930880087494135,0.49258964854557163,0.051650577024936466,"(0.0, 0.0)"
2.1,-0.11133840688878305,0.5565764473303421,-1.3907207231931988,0.47291077180634405,0.04734571112429198,"(0.0, 0.0)"
2.15,-0.1072726192914705,0.5342428007064385,-1.3885507365102399,0.4540142730390133,0.04339973365917793,"(0.0, 0.0)"
2.2,-0.103322801554326,0.5128102296020453,-1.3865616013660709,0.4358697806921389,0.03978270288338137,"(0.0, 0.0)"
2.25,-0.09948993826393274,0.4922419069658544,-1.3847382423612922,0.41844795952150887,0.036467180095574585,"(0.0, 0.0)"
2.3000000000000003,-0.09577429557164496,0.4725025450959446,-1.3830668413994487,0.40172050365795414,0.03342801923686745,"(0.0, 0.0)"
2.35,-0.09217553213612982,0.4535583315083185,-1.3815347326774907,0.38566012327872273,0.03064217443915718,"(0.0, 0.0)"
2.4000000000000004,-0.08869279565122051,0.43537686663054337,-1.3801303064808683,0.37024052642847616,0.02808852393244854,"(0.0, 0.0)"
2.45,-0.0853248067476806,0.4179271035397212,-1.378842921037167,0.35543639722470116,0.025747708874026554,"(0.0, 0.0)"
2.5,-0.08206993183945348,0.40117928988062257,-1.3776628217472113,0.3412233714317334,0.023601985799113767,"(0.0, 0.0)"
2.5500000000000003,-0.07892624629297058,0.38510491203641845,-1.376581067171507,0.3275780101859135,0.021635091514086713,"(0.0, 0.0)"
2.6,-0.07589158912917622,0.3696766415767296,-1.3755894612034252,0.31447777249215997,0.01983211936163798,"(0.0, 0.0)"
2.6500000000000004,-0.0729636103194344,0.3548682839722825,-1.3746804909092132,0.3019009869818141,0.01817940588423994,"(0.0, 0.0)"
2.7,-0.070139811606022,0.3406547295395967,-1.3738472695592443,0.2898268233168151,0.016664426999376536,"(0.0, 0.0)"
2.75,-0.06741758166334501,0.32701190656069323,-1.3730834844153197,0.27823526354112893,0.015275702878490562,"(0.0, 0.0)"
2.8000000000000003,-0.0647942263154386,0.3139167365101096,-1.3723833488756962,0.2671070736128806,0.014002710792467288,"(0.0, 0.0)"
2.85,-0.0622669944370427,0.30134709131320037,-1.3717415586131647,0.2564237752965694,0.01283580525063166,"(0.0, 0.0)"
2.9000000000000004,-0.05983310008808767,0.2892817525547395,-1.3711532513722433,0.24616761855150127,0.011766144818429747,"(0.0, 0.0)"
2.95,-0.05748974136346818,0.2777003725543992,-1.3706139701196527,0.23632155451801823,0.010785625051813462,"(0.0, 0.0)"
3.0,-0.055234116380363886,0.26658343722511596,-1.3701196292679312,0.22686920917556952,0.009886817034431283,"(0.0, 0.0)"
3.0500000000000003,-0.05306343677306561,0.2559122306311624,-1.3696664837155563,0.2177948577247664,0.009062911047497126,"(0.0, 0.0)"
3.1,-0.05097493901938753,0.24566880116454143,-1.369251100468449,0.20908339972820206,0.008307664942149297,"(0.0, 0.0)"
3.1500000000000004,-0.04896589388250173,0.23583592926079672,-1.3688703326274236,0.20072033503110412,0.007615356820506181,"(0.0, 0.0)"
3.2,-0.047033614216730434,0.22639709657827362,-1.3685212955441788,0.19269174047210177,0.006980741664898149,"(0.0, 0.0)"
3.25,-0.04517546135486619,0.2173364565680799,-1.3682013449649226,0.18498424738596225,0.006399011585123682,"(0.0, 0.0)"
3.3000000000000003,-0.04338885026742898,0.2086388063653655,-1.3679080569958546,0.17758501989360628,0.005865759381359359,"(0.0, 0.0)"
3.35,-0.04167125366044491,0.20028955993595934,-1.3676392097385675,0.1704817339696833,0.005376945145744716,"(0.0, 0.0)"
3.4000000000000004,-0.04002020515743461,0.19227472241580296,-1.3673927664561223,0.16366255727416598,0.004928865648903824,"(0.0, 0.0)"
3.45,-0.038433301692970885,0.1845808655839505,-1.367166860142176,0.1571161297315711,0.004518126278925671,"(0.0, 0.0)"
3.5,-0.03690820522909086,0.17719510441312955,-1.3669597793761863,0.15083154483932856,0.00414161531979318,"(0.0, 0.0)"
3.5500000000000003,-0.035442643891750364,0.17010507464495186,-1.366769955357483,0.14479833168535203,0.00379648037406477,"(0.0, 0.0)"
3.6,-0.03403441261214669,0.16329891133981433,-1.3665959500199356,0.13900643765387946,0.003480106750949896,"(0.0, 0.0)"
3.6500000000000004,-0.03268137334689633,0.15676522835432932,-1.3664364451371436,0.1334462117980505,0.0031900976558424388,"(0.0, 0.0)"
3.7,-0.03138145494155215,0.150493098701768,-1.366290232335589,0.12810838885739173,0.0029242560310915877,"(0.0, 0.0)"
3.75,-0.030132652693614204,0.14447203575349127,-1.366156203940073,0.12298407389831519,0.0026805679103197866,"(0.0, 0.0)"
3.8000000000000003,-0.028933027663888704,0.13869197524168395,-1.366033344582068,0.11806472755585931,0.0024571871600970185,"(0.0, 0.0)"
3.85,-0.027780705778652694,0.13314325802590307,-1.3659207235074027,0.11334215185516291,0.0022524214933067332,"(0.0, 0.0)"
3.9000000000000004,-0.026673876759478743,0.1278166135880099,-1.365817487524993,0.10880847659153038,0.0020647196481904384,"(0.0, 0.0)"
3.95,-0.0256107929126666,0.12270314422198116,-1.3657228545431976,0.10445614624839883,0.0018926596359086778,"(0.0, 0.0)"
4.0,-0.02458976780593253,0.11779430988689876,-1.3656361076448207,0.1002779074330235,0.0017349379675407617,"(0.0, 0.0)"
4.05,-0.023609174856247146,0.11308191369310401,-1.3655565896558757,0.09626679681024813,0.0015903597788990973,"(0.0, 0.0)"
4.1000000000000005,-0.022667445849423228,0.1085580879930819,-1.36548369816696,0.09241612951530498,0.0014578297783135463,"(0.0, 0.0)"
4.15,-0.02176306940917903,0.10421528105011924,-1.3654168809695195,0.08871948802718264,0.0013363439488112139,"(0.0, 0.0)"
4.2,-0.020894589430888802,0.10004624425916432,-1.3653556318724296,0.08517071148470381,0.001224981941798653,"(0.0, 0.0)"
4.25,-0.020060603493036767,0.09604401989561381,-1.3652994868671982,0.08176388542805985,0.0011229001046281217,"(0.0, 0.0)"
4.3,-0.019259761257474334,0.0922019293689684,-1.3652480206127373,0.0784933319491511,0.001029325089217381,"(0.0, 0.0)"
4.3500000000000005,-0.018490762867908576,0.08851356195944095,-1.3652008432130724,0.0753536002346774,0.0009435479932951019,"(0.0, 0.0)"
4.4,-0.017752357354593126,0.08497276401667284,-1.3651575972635783,0.07233945748650744,0.0008649189898835008,"(0.0, 0.0)"
4.45,-0.01704334105192388,0.08157362860072233,-1.3651179551433614,0.06944588020442899,0.0007928424043357474,"(0.0, 0.0)"
4.5,-0.01636255603453835,0.07831048554643749,-1.3650816165332804,0.06666804581693983,0.0007267722016185418,"(0.0, 0.0)"
4.55,-0.01570888857655856,0.07517789193321923,-1.365048306140797,0.0640013246462839,0.0006662078496694201,"(0.0, 0.0)"
4.6000000000000005,-0.01508126763778517,0.07217062294302255,-1.3650177716144236,0.06144127219446335,0.0006106905274666508,"(0.0, 0.0)"
4.65,-0.01447866337992959,0.06928366309023856,-1.3649897816319685,0.05898362173746967,0.0005597996491013557,"(0.0, 0.0)"
4.7,-0.013900085715346755,0.06651219780785056,-1.3649641241480928,0.05662427721547066,0.0005131496775134803,"(0.0, 0.0)"
4.75,-0.01334458289019272,0.06385160537496706,-1.3649406047879054,0.05435930640716834,0.00047038720374870113,"(0.0, 0.0)"
4.800000000000001,-0.012811240103466855,0.06129744917150614,-1.3649190453744249,0.052184934377003576,0.0004311882696111935,"(0.0, 0.0)"
4.8500000000000005,-0.012299178162999308,0.05884547024644121,-1.3648992825787534,0.05009753718432849,0.0003952559134312583,"(0.0, 0.0)"
4.9,-0.01180755217910221,0.05649158018662143,-1.3648811666827356,0.04809363584409542,0.00036231792035379407,"(0.0, 0.0)"
4.95,-0.011335550296310568,0.05423185427375137,-1.3648645604447307,0.0461698905290246,0.00033212476009958364,"(0.0, 0.0)"
5.0,-0.010882392463389689,0.05206252491765767,-1.3648493380599014,0.04432309500360931,0.00030444769658466436,"(0.0, 0.0)"
5.050000000000001,-0.010447329241574717,0.049979975354486075,-1.364835384207148,0.04255017128069978,0.00027907705506924335,"(0.0, 0.0)"
5.1000000000000005,-0.010029640650829577,0.04798073359896249,-1.3648225931754623,0.040848164491774565,0.00025582063371054614,"(0.0, 0.0)"
